rank,term,frequency,category,length
1,조혈모세포,354,상세해부구조,5
2,정밀면역검사,256,전문검사진단,6
3,신의료기,205,의료기기치료재료,4
4,솔리리스,201,기타전문용어,4
5,스핀라자,193,기타전문용어,4
6,Eculizumab,190,영문약물명,10
7,건강보험심사평가,154,전문검사진단,8
8,심율동전환제세동기,136,의료기기치료재료,9
9,Ravulizumab,125,영문약물명,11
10,울토미리스,125,기타전문용어,5
11,제세동기,115,의료기기치료재료,4
12,면역관용요법,104,구체적수술시술,6
13,검사결과,101,기타전문용어,4
14,유전자검사,100,전문검사진단,5
15,희귀난치성질환,97,복합질병명,7
16,평가결과,94,기타전문용어,4
17,보험급여과,91,기타전문용어,5
18,자기공명영상진단,89,전문검사진단,8
19,코로나바이러스감염증,88,복합질병명,10
20,심장재동기,83,의료기기치료재료,5
21,인공관절치환술,79,구체적수술시술,7
22,의료급여기,78,의료기기치료재료,5
23,졸겐스마,76,기타전문용어,4
24,고주파절제술,75,구체적수술시술,6
25,추간판제거술,73,구체적수술시술,6
26,양전자방출단층촬영,72,전문검사진단,9
27,염기서열분석,67,전문검사진단,6
28,정신건강의학과,63,기타전문용어,7
29,초음파검사,61,전문검사진단,5
30,요양급여기,61,의료기기치료재료,5
31,항암화학요법,59,구체적수술시술,6
32,뇌혈관질환,59,복합질병명,5
33,치료효과,58,기타전문용어,4
34,요양급여의적용기,57,의료기기치료재료,8
35,Infliximab,56,영문약물명,10
36,세부인정기,56,의료기기치료재료,5
37,응급의료기,55,의료기기치료재료,5
38,검토결과,54,기타전문용어,4
39,에브리스디건조,51,기타전문용어,7
40,참고하시기,47,의료기기치료재료,5
41,중증난치질환,47,복합질병명,6
42,Burosumab,47,영문약물명,9
43,선택의료급여기,47,상세해부구조,7
44,크리스비타,46,기타전문용어,5
45,뇌정위적방사선,45,상세해부구조,7
46,호스피스전문기,45,의료기기치료재료,7
47,임상전기생리학적검사,44,전문검사진단,10
48,임상전기,44,의료기기치료재료,4
49,권역외상센터,44,기타전문용어,6
50,Current Therapy,43,영문복합의학용어,15
51,뇌정위적방사선수술,42,구체적수술시술,9
52,차진료기,42,의료기기치료재료,4
53,Adalimumab,41,영문약물명,10
54,인공호흡기,40,의료기기치료재료,5
55,알레르기,39,의료기기치료재료,4
56,부갑상선,39,상세해부구조,4
57,대동맥판막,38,상세해부구조,5
58,만성신부전,37,복합질병명,5
59,정신의료기,37,의료기기치료재료,5
60,심율동전환제세동기거치술,37,구체적수술시술,12
61,자궁내막,36,상세해부구조,4
62,풍선혈관성형술,35,구체적수술시술,7
63,조직병리검사,35,전문검사진단,6
64,차의료급여기,35,의료기기치료재료,6
65,류마티스관절,33,상세해부구조,6
66,화학발광면역분석,33,전문검사진단,8
67,추간판장애,33,복합질병명,5
68,확인하기,32,의료기기치료재료,4
69,치아홈메우기,32,의료기기치료재료,6
70,신속항원검사,32,전문검사진단,6
71,전산화단층영상진단,31,전문검사진단,9
72,파형변이지수,31,측정값지표,6
73,전전분기,30,의료기기치료재료,4
74,고정기기,30,의료기기치료재료,4
75,근적외선,30,상세해부구조,4
76,체외순환막,29,상세해부구조,5
77,치면열구전색술,29,구체적수술시술,7
78,건강보험과,29,기타전문용어,5
79,돌연변이검사,29,전문검사진단,6
80,Golimumab,28,영문약물명,9
81,의료질평가,28,전문검사진단,5
82,직전분기,28,의료기기치료재료,4
83,두개골조기,28,의료기기치료재료,5
84,만성폐쇄성폐질환,28,복합질병명,8
85,내시경검사,28,전문검사진단,5
86,경피적관상동맥,27,상세해부구조,7
87,Rosuvastatin,27,영문약물명,12
88,척추후궁절제술,27,구체적수술시술,7
89,체외충격파쇄석술,27,구체적수술시술,8
90,관혈적정복술,27,구체적수술시술,6
91,세부산정기,27,의료기기치료재료,5
92,대동맥판막성형술,27,구체적수술시술,8
93,산부인과,26,기타전문용어,4
94,의료기기,26,의료기기치료재료,4
95,무탐침정위기,26,의료기기치료재료,6
96,Upadacitinib,25,영문약물명,12
97,Tocilizumab,25,영문약물명,11
98,신경인지기능검사,25,전문검사진단,8
99,신경인지기,25,상세해부구조,5
100,지역응급의료기,25,의료기기치료재료,7
101,대중증질환,25,복합질병명,5
102,소아청소년과,24,기타전문용어,6
103,신경전도검사,24,전문검사진단,6
104,전문응급의료센터,24,기타전문용어,8
105,심박기거치술,24,구체적수술시술,6
106,동종조혈모세포,23,상세해부구조,7
107,Tofacitinib,23,영문약물명,11
108,자동봉합기,23,의료기기치료재료,5
109,골밀도검사,23,전문검사진단,5
110,유리체절제술,23,구체적수술시술,6
111,완화의료전문기,23,의료기기치료재료,7
112,사지골절정복술,23,구체적수술시술,7
113,유방전절제술,23,구체적수술시술,6
114,체외순환막형산화요법,22,구체적수술시술,10
115,권역응급의료센터,22,기타전문용어,8
116,럭스터나,22,기타전문용어,4
117,전산화단층촬영,22,전문검사진단,7
118,조직형검사,22,전문검사진단,5
119,피부광화학요법,21,구체적수술시술,7
120,적용분기,21,의료기기치료재료,4
121,Atorvastatin,21,영문약물명,12
122,사구체여과,20,기타전문용어,5
123,Ustekinumab,20,영문약물명,11
124,인공와우이식술,20,구체적수술시술,7
125,이비인후과,20,기타전문용어,5
126,치은박리소파술,20,구체적수술시술,7
127,혈액형검사,20,전문검사진단,5
128,양전자단층촬영,20,전문검사진단,7
129,Rituximab,19,영문약물명,9
130,스트렌식,19,기타전문용어,4
131,인적사항과,19,기타전문용어,5
132,응급의료센터,19,기타전문용어,6
133,Sofosbuvir,19,기타전문용어,10
134,한방물리요법,19,구체적수술시술,6
135,Octreotide,19,기타전문용어,10
136,병리조직검사,19,전문검사진단,6
137,Artificial Ear Cochlear Implant,19,영문복합의학용어,31
138,유양동절제술,19,구체적수술시술,6
139,Baricitinib,18,영문약물명,11
140,급여기준과,18,기타전문용어,5
141,경피경간담즙배액술,18,구체적수술시술,9
142,신경외과,18,상세해부구조,4
143,척추수핵용해술,18,구체적수술시술,7
144,장기이식수술,18,구체적수술시술,6
145,중앙응급의료센터,18,기타전문용어,8
146,세부전문과,18,기타전문용어,5
147,안근기능검사,18,전문검사진단,6
148,선형가속기,18,상세해부구조,5
149,차세대염기서열분석,18,전문검사진단,9
150,치근단절제술,18,구체적수술시술,6
151,염기서열검사,18,전문검사진단,6
152,약제감수성검사,18,전문검사진단,7
153,MRI 세부산정기준,18,기타전문용어,10
154,도인운동요법,18,구체적수술시술,6
155,두개골조기봉합교정수술,18,구체적수술시술,11
156,경피적관상동맥중재술,17,구체적수술시술,10
157,Heart Disease,17,영문복합의학용어,13
158,일반병동과,17,기타전문용어,5
159,차세대염기,17,의료기기치료재료,5
160,뇌기저부수술,17,구체적수술시술,6
161,장기요양기,17,의료기기치료재료,5
162,세포병리검사,17,전문검사진단,6
163,중동호흡기증후군,17,복합질병명,8
164,중동호흡기,17,의료기기치료재료,5
165,치료적성분채집술,17,구체적수술시술,8
166,세기변조방사선,17,상세해부구조,7
167,Disease Activity Score,16,영문복합의학용어,22
168,Vedolizumab,16,영문약물명,11
169,Ixekizumab,16,영문약물명,10
170,Secukinumab,16,영문약물명,11
171,레미케이드,16,기타전문용어,5
172,Infectious Diseases,16,영문복합의학용어,19
173,폐쐐기절제술,16,구체적수술시술,6
174,치매척도검사,16,전문검사진단,6
175,추간판전치환술,16,구체적수술시술,7
176,전기수술기,16,의료기기치료재료,5
177,신종감염병증후군,16,복합질병명,8
178,뇌동정맥기,16,상세해부구조,5
179,갑상선기,16,상세해부구조,4
180,시행하기,16,의료기기치료재료,4
181,피부혈행조영술,16,구체적수술시술,7
182,피부혈행조영,16,전문검사진단,6
183,Filgotinib,15,영문약물명,10
184,Risankizumab,15,영문약물명,12
185,Guselkumab,15,영문약물명,10
186,뇌동맥류수술,15,구체적수술시술,6
187,세포표지검사,15,전문검사진단,6
188,근전도검사,15,전문검사진단,5
189,마이크로어레이검사,15,전문검사진단,9
190,신경절차단술,15,구체적수술시술,6
191,지역응급의료센터,15,기타전문용어,8
192,중합효소연쇄반응검사,15,전문검사진단,10
193,사후점검기,15,의료기기치료재료,5
194,신경뿌리병증,15,복합질병명,6
195,유세포분석,14,전문검사진단,5
196,스텐트삽입술,14,구체적수술시술,6
197,Bimekizumab,14,영문약물명,11
198,빔젤릭스오토인젝터,14,기타전문용어,9
199,약물방출풍선,14,상세해부구조,6
200,약물방출풍선카테터,14,상세해부구조,9
201,조직확장기,14,상세해부구조,5
202,인공심폐기,14,의료기기치료재료,5
203,관상동맥질환,14,복합질병명,6
204,방사선촬영,14,전문검사진단,5
205,척추수핵흡인술,14,구체적수술시술,7
206,직장수지검사,14,전문검사진단,6
207,경도인지장애,14,복합질병명,6
208,결정하기,14,의료기기치료재료,4
209,의료기관평가,14,전문검사진단,6
210,신속동정검사,14,전문검사진단,6
211,협약의료기,14,의료기기치료재료,5
212,비뇨기과,14,기타전문용어,4
213,치과대학부속치과,14,기타전문용어,8
214,연부조직종양적출술,14,구체적수술시술,9
215,미주신경자극기,14,상세해부구조,7
216,응고기능기,14,의료기기치료재료,5
217,액상흡인세포병리검사,14,전문검사진단,10
218,액상흡인세포,14,상세해부구조,6
219,천수신경조절술,14,구체적수술시술,7
220,평가하기,13,의료기기치료재료,4
221,Deucravacitinib,13,영문약물명,15
222,자궁부속기,13,의료기기치료재료,5
223,비용효과,13,기타전문용어,4
224,아리셉트,13,기타전문용어,4
225,판단하기,13,의료기기치료재료,4
226,마취통증의학과,13,기타전문용어,7
227,일측폐환기,13,의료기기치료재료,5
228,Cardiac Resynchronization Therapy,13,영문복합의학용어,33
229,척추후굴풍선복원술,13,구체적수술시술,9
230,척추후굴풍선,13,상세해부구조,6
231,대한산부인과,13,기타전문용어,6
232,여성생식기,13,의료기기치료재료,5
233,피부반응검사,13,전문검사진단,6
234,장기크기,13,의료기기치료재료,4
235,사지관절절제술,13,구체적수술시술,7
236,해당분기,13,의료기기치료재료,4
237,자궁내장치,13,의료기기치료재료,5
238,정형외과,13,기타전문용어,4
239,척추경나사,13,기타전문용어,5
240,이온삼투요법,13,구체적수술시술,6
241,조직면역형광현미경검사,13,전문검사진단,11
242,망막박리수술,13,구체적수술시술,6
243,망막열공냉동응고술,13,구체적수술시술,9
244,유트로핀,13,기타전문용어,4
245,에스장절제술,13,구체적수술시술,6
246,비중격교정술,13,구체적수술시술,6
247,Teriflunomide,13,기타전문용어,13
248,심기능측정,13,전문검사진단,5
249,고주파열응고술,13,구체적수술시술,7
250,자가조혈모세포,13,상세해부구조,7
251,침전기자극술,13,구체적수술시술,6
252,제대혈조혈모세포,13,상세해부구조,8
253,수면다원검사,12,전문검사진단,6
254,간이정신진단검사,12,전문검사진단,8
255,노인장기,12,의료기기치료재료,4
256,감염내과,12,기타전문용어,4
257,Related Disorders,12,영문복합의학용어,17
258,혈액가스분석,12,전문검사진단,6
259,장기추적검사,12,전문검사진단,6
260,MRI 촬영이,12,기타전문용어,7
261,유리체내주입술,12,구체적수술시술,7
262,염색체검사,12,전문검사진단,5
263,남성생식기,12,의료기기치료재료,5
264,회전근개수술,12,구체적수술시술,6
265,관절와순수술,12,구체적수술시술,6
266,단일광자전산화단층촬영,12,전문검사진단,11
267,의무고용비율,12,측정값지표,6
268,안구광학단층촬영,12,전문검사진단,8
269,국민건강보험요양급여의기,12,의료기기치료재료,12
270,액상세포검사,12,전문검사진단,6
271,Tenofovir,12,기타전문용어,9
272,Liver Disease,12,영문복합의학용어,13
273,갑상선자극면역글로불린검사,12,전문검사진단,13
274,척수신경자극기,12,상세해부구조,7
275,항카디오리핀,12,기타전문용어,6
276,세극등현미경검사,12,전문검사진단,8
277,신규개설기,12,의료기기치료재료,5
278,치근낭적출술,12,구체적수술시술,6
279,비리어드,12,기타전문용어,4
280,대장세척기,12,의료기기치료재료,5
281,제한효소분석,12,전문검사진단,6
282,외래진료센터,12,기타전문용어,6
283,신종코로나바이러스감염증,12,복합질병명,12
284,다형성검사,12,전문검사진단,5
285,장관유착박리술,12,구체적수술시술,7
286,젠자임파브라자임,12,기타전문용어,8
287,식도악성종양근치수술,12,구체적수술시술,10
288,중파장자외선,11,상세해부구조,6
289,판상건선,11,상세해부구조,4
290,항호중구세포,11,상세해부구조,6
291,냉각풍선,11,상세해부구조,4
292,냉각풍선절제술,11,구체적수술시술,7
293,결장경검사,11,전문검사진단,5
294,강제호기,11,의료기기치료재료,4
295,관상동맥스텐트,11,상세해부구조,7
296,인증결과,11,기타전문용어,4
297,Infectious Diseases Society,11,영문복합의학용어,27
298,표준영상과,11,기타전문용어,5
299,양성자방사선,11,상세해부구조,6
300,반월상연골,11,상세해부구조,5
301,신경자극기,11,상세해부구조,5
302,재활의학과,11,기타전문용어,5
303,예측하기,11,의료기기치료재료,4
304,복강내압측정,11,전문검사진단,6
305,반흔구축성형술,11,구체적수술시술,7
306,방지하기,11,의료기기치료재료,4
307,Balloon Catheter,11,영문복합의학용어,16
308,Teriparatide,11,기타전문용어,12
309,요소호흡검사,11,전문검사진단,6
310,MRI 건강보험,11,기타전문용어,8
311,뇌동정맥기형적출술,11,구체적수술시술,9
312,기관지경검사,11,전문검사진단,6
313,요류역학검사,11,전문검사진단,6
314,결핵균검사,11,전문검사진단,5
315,혈중약물검사,11,전문검사진단,6
316,급여인정기,11,의료기기치료재료,5
317,골수천자생검,11,전문검사진단,6
318,폴리뉴클레오티드나트륨,10,약물성분명,11
319,인공판막,10,상세해부구조,4
320,Denosumab,10,영문약물명,9
321,혈관성질환,10,복합질병명,5
322,Clarithromycin,10,영문약물명,14
323,영상의학과,10,기타전문용어,5
324,부정맥고주파절제술,10,구체적수술시술,9
325,심전도검사,10,전문검사진단,5
326,미세수술적다중고환조직,10,상세해부구조,11
327,하부장관스텐트,10,의료기기치료재료,7
328,대동맥판막치환술,10,구체적수술시술,8
329,미국마취과,10,기타전문용어,5
330,적용시기,10,의료기기치료재료,4
331,MRI 촬영,10,전문검사진단,6
332,자가골연골이식술,10,구체적수술시술,8
333,자가골연골,10,상세해부구조,5
334,척추체제거술,10,구체적수술시술,6
335,십자인대성형술,10,구체적수술시술,7
336,피하단열수술,10,구체적수술시술,6
337,체외금속고정술,10,구체적수술시술,7
338,치은박리소파수술,10,구체적수술시술,8
339,지노트로핀,10,기타전문용어,5
340,방사선영상진단,10,전문검사진단,7
341,Chronic Obstructive Pulmonary Disease,10,영문복합의학용어,37
342,유전자형검사,10,전문검사진단,6
343,잠복결핵질환,10,복합질병명,6
344,뇌유발전위검사,10,전문검사진단,7
345,맥도널드진단기,10,의료기기치료재료,7
346,Teriflflunomide,10,기타전문용어,15
347,맥도널드진단,10,전문검사진단,6
348,눈물분비기능검사,10,전문검사진단,8
349,눈물분비기,10,의료기기치료재료,5
350,유두괄약근절개술,10,구체적수술시술,8
351,산도스타틴라르,10,기타전문용어,7
352,형간염항체검사,10,전문검사진단,7
353,포도당부하검사,10,전문검사진단,7
354,병용금기,10,의료기기치료재료,4
355,유양동폐쇄술,10,구체적수술시술,6
356,뇌혈류측정검사,10,전문검사진단,7
357,Lebrikizumab,9,영문약물명,12
358,엡글리스오토인젝터,9,기타전문용어,9
359,골수이형성증후군,9,복합질병명,8
360,린버크서방,9,기타전문용어,5
361,Chronic Kidney Disease,9,영문복합의학용어,22
362,심의결과,9,기타전문용어,4
363,계속적복막,9,상세해부구조,5
364,계속적복막관류술,9,구체적수술시술,8
365,Ganciclovir,9,기타전문용어,11
366,Extra Corporeal Membrane Oxygenation,9,영문복합의학용어,36
367,위식도역류질환,9,복합질병명,7
368,Azithromycin,9,영문약물명,12
369,유지하기,9,의료기기치료재료,4
370,허가초과,9,기타전문용어,4
371,적용하기,9,의료기기치료재료,4
372,내시경하추간판제거술,9,구체적수술시술,10
373,예방하기,9,의료기기치료재료,4
374,의급여기,9,의료기기치료재료,4
375,상후두기도유지기,9,의료기기치료재료,8
376,흉부외과,9,기타전문용어,4
377,미제출기,9,의료기기치료재료,4
378,태아심음자궁수축검사,9,전문검사진단,10
379,혈액응고장애,9,복합질병명,6
380,전립선비대증,9,상세해부구조,6
381,전기충격요법,9,구체적수술시술,6
382,세부적용기,9,의료기기치료재료,5
383,단일광자단층촬영,9,전문검사진단,8
384,다음분기,9,의료기기치료재료,4
385,좌심방이폐색술,9,구체적수술시술,7
386,복합부위통증증후군,9,복합질병명,9
387,요역동학검사,9,전문검사진단,6
388,심실기능부전,9,복합질병명,6
389,정부국정과,9,기타전문용어,5
390,기관지내시경,9,기타전문용어,6
391,갑상선기능검사,9,전문검사진단,7
392,Pantoprazole,9,영문약물명,12
393,Velpatasvir,9,기타전문용어,11
394,쇄골하정맥,9,상세해부구조,5
395,관상동맥조영,9,전문검사진단,6
396,인공환기요법,9,구체적수술시술,6
397,인공환기,9,의료기기치료재료,4
398,전염성연속종제거술,9,구체적수술시술,9
399,유전성질환,9,복합질병명,5
400,Acyclovir,9,기타전문용어,9
401,아이비글로불린에스,9,기타전문용어,9
402,중금속검사,9,전문검사진단,5
403,조기양막,9,상세해부구조,4
404,적혈구자성화기술,9,구체적수술시술,8
405,적혈구자성화기,9,의료기기치료재료,7
406,Carbamazepine,9,기타전문용어,13
407,포사코나졸약물정량검사,9,전문검사진단,11
408,글자지우기검사,9,전문검사진단,7
409,글자지우기,9,의료기기치료재료,5
410,Darunavir,9,기타전문용어,9
411,인공심박동기,9,의료기기치료재료,6
412,메탈라제,9,기타전문용어,4
413,Dual Lumen Catheter,9,영문복합의학용어,19
414,광범위정맥,9,상세해부구조,5
415,광범위정맥류발거술,9,구체적수술시술,9
416,악안면교정수술,9,구체적수술시술,7
417,생활치료센터,9,기타전문용어,6
418,병상대기,9,의료기기치료재료,4
419,회전근개파열복원술,9,구체적수술시술,9
420,공단자격관리시스템,9,의료기기치료재료,9
421,주진료과,9,기타전문용어,4
422,진료지원과,9,기타전문용어,5
423,간호인력과,9,기타전문용어,5
424,CT 인정여부,9,기타전문용어,7
425,보험급여기,9,의료기기치료재료,5
426,의료보호기,9,의료기기치료재료,5
427,호르몬검사,9,전문검사진단,5
428,림프절절제술,9,구체적수술시술,6
429,시행시기,9,의료기기치료재료,4
430,잔여갑상선,9,상세해부구조,5
431,잔여갑상선제거술,9,구체적수술시술,8
432,경피적척추성형술,9,구체적수술시술,8
433,경피적고주파열치료술,9,구체적수술시술,10
434,Dupilumab,8,영문약물명,9
435,Tralokinumab,8,영문약물명,12
436,Bath Ankylosing Spondilitis Disease Activity Index,8,영문복합의학용어,50
437,시상면과,8,기타전문용어,4
438,이식편대숙주질환,8,복합질병명,8
439,다중수면잠복기검사,8,전문검사진단,9
440,다중수면잠복기,8,의료기기치료재료,7
441,대한내과,8,기타전문용어,4
442,심실보조장치,8,의료기기치료재료,6
443,평형기능검사,8,전문검사진단,6
444,급성관상동맥,8,상세해부구조,6
445,관상동맥중재술,8,구체적수술시술,7
446,급성관상동맥증후군,8,복합질병명,9
447,Amlodipine,8,영문약물명,10
448,순환기내과,8,기타전문용어,5
449,정량광형광기,8,의료기기치료재료,6
450,추간판조영술,8,구체적수술시술,6
451,추간판조영,8,전문검사진단,5
452,척추관협착증,8,복합질병명,6
453,간기능검사,8,전문검사진단,5
454,심실조기,8,의료기기치료재료,4
455,Ritonavir,8,기타전문용어,9
456,Nephrostomy Balloon Catheter,8,영문복합의학용어,28
457,직장경검사,8,전문검사진단,5
458,파악하기,8,의료기기치료재료,4
459,관상동맥스텐트삽입술,8,구체적수술시술,10
460,혈액배양검사,8,전문검사진단,6
461,동공부등검사,8,전문검사진단,6
462,캡슐내시경검사,8,전문검사진단,7
463,에이즈검사,8,전문검사진단,5
464,태반조기,8,의료기기치료재료,4
465,혈액이산화탄소분압,8,측정값지표,9
466,관절와순수술과,8,상세해부구조,7
467,심전도감시기,8,의료기기치료재료,6
468,안구광학단층촬영과,8,기타전문용어,9
469,전동식세절기,8,의료기기치료재료,6
470,호흡기능검사,8,전문검사진단,6
471,심장질환과,8,기타전문용어,5
472,산소공급장치,8,의료기기치료재료,6
473,부고환정자흡인술,8,구체적수술시술,8
474,잠간고정술과,8,기타전문용어,6
475,인공임신중절수술,8,구체적수술시술,8
476,지속적비디오뇌파검사,8,전문검사진단,10
477,관상동맥조영술,8,구체적수술시술,7
478,연속혈당측정검사,8,전문검사진단,8
479,치조골성형수술,8,구체적수술시술,7
480,수정체전낭원형절개술,8,구체적수술시술,10
481,미주신경자극기설치술,8,구체적수술시술,10
482,상행대동맥,8,상세해부구조,5
483,Post Adjunctive Balloon Catheter,8,영문복합의학용어,32
484,맥전도검사,8,전문검사진단,5
485,체내표시기,8,의료기기치료재료,5
486,후방추체유합술,8,구체적수술시술,7
487,대뇌운동피질자극기,8,의료기기치료재료,9
488,전기자극기,8,의료기기치료재료,5
489,흡인세포병리검사,8,전문검사진단,8
490,자궁경관봉축술,8,구체적수술시술,7
491,Aripiprazole,8,영문약물명,12
492,전자궁적출술,8,구체적수술시술,6
493,하비갑개점막,8,상세해부구조,6
494,Clozapine,8,기타전문용어,9
495,안전주사기,8,의료기기치료재료,5
496,전용헬기,8,의료기기치료재료,4
497,산출결과,8,기타전문용어,4
498,조직전자현미경검사,8,전문검사진단,9
499,혼합배양검사,8,전문검사진단,6
500,조기양막파수검사,8,전문검사진단,8
501,최소억제농도,8,측정값지표,6
502,항사구체기,8,의료기기치료재료,5
503,항사구체기저막,8,상세해부구조,7
504,제트환기,8,의료기기치료재료,4
505,제트환기요법,8,구체적수술시술,6
506,희귀난치질환,8,복합질병명,6
507,폐경기증후군,8,복합질병명,6
508,Intraarticular Injection,7,영문복합의학용어,24
509,중추신경계질환,7,복합질병명,7
510,Disease Activity Index,7,영문복합의학용어,22
511,베노훼럼,7,기타전문용어,4
512,Cyclophosphamide,7,기타전문용어,16
513,자가면역질환,7,복합질병명,6
514,호기말이산화탄소분압,7,측정값지표,10
515,좌심실기,7,의료기기치료재료,4
516,말초동맥성질환,7,복합질병명,7
517,심혈관질환,7,복합질병명,5
518,Disease Control,7,영문복합의학용어,15
519,내시경절제술,7,구체적수술시술,6
520,Rare Diseases,7,영문복합의학용어,13
521,제왕절개만출술,7,구체적수술시술,7
522,쇼그렌증후군,7,복합질병명,6
523,중심망막,7,상세해부구조,4
524,Ranibizumab,7,영문약물명,11
525,고정하기,7,의료기기치료재료,4
526,심장판막,7,상세해부구조,4
527,인공판막치환술,7,구체적수술시술,7
528,MRI 영상을,7,기타전문용어,7
529,비자극검사,7,전문검사진단,5
530,부분치수절단술,7,구체적수술시술,7
531,재활의료기,7,의료기기치료재료,5
532,핵의학영상진단,7,전문검사진단,7
533,복부대동맥,7,상세해부구조,5
534,신의료기술평가,7,전문검사진단,7
535,이하선종양적출술,7,구체적수술시술,8
536,부갑상선기,7,상세해부구조,5
537,진료심사평가,7,전문검사진단,6
538,방사선특수영상진단,7,전문검사진단,9
539,진단하기,7,의료기기치료재료,4
540,심전도기록기,7,의료기기치료재료,6
541,발싸이트,7,기타전문용어,4
542,Valganciclovir,7,기타전문용어,14
543,프라카논,7,기타전문용어,4
544,간동맥조영,7,전문검사진단,5
545,감소시키기,7,의료기기치료재료,5
546,원거리피판술,7,구체적수술시술,6
547,Steroid Intra Discal Therapy,7,영문복합의학용어,28
548,활액막절제술,7,구체적수술시술,6
549,유리체제거술,7,구체적수술시술,6
550,요도하열성형술,7,구체적수술시술,7
551,혈관조영촬영,7,전문검사진단,6
552,전층피부이식술,7,구체적수술시술,7
553,자가표피이식술,7,구체적수술시술,7
554,안구내삽관레이저광응고술,7,구체적수술시술,12
555,망막열공냉동응고술과,7,상세해부구조,10
556,시간혈압측정검사,7,전문검사진단,8
557,CT 촬영,7,전문검사진단,5
558,테리본피하,7,기타전문용어,5
559,대한신경과,7,상세해부구조,5
560,사마귀제거술,7,구체적수술시술,6
561,홀터기록검사,7,전문검사진단,6
562,온냉경락요법,7,구체적수술시술,6
563,전자기유도기,7,의료기기치료재료,6
564,눈물막파괴시간검사,7,전문검사진단,9
565,운동점차단술,7,구체적수술시술,6
566,경추후궁성형술,7,구체적수술시술,7
567,압력철선,7,상세해부구조,4
568,비관혈관절,7,상세해부구조,5
569,비관혈관절수동술,7,구체적수술시술,8
570,기관지확장술,7,구체적수술시술,6
571,간접열량측정,7,전문검사진단,6
572,조절마비굴절검사,7,전문검사진단,8
573,부비강입구부경검사,7,전문검사진단,9
574,경부림프절청소술,7,구체적수술시술,8
575,비촉지유방종양침위치결정술,7,구체적수술시술,13
576,전립선질환,7,복합질병명,5
577,종합전문요양기,7,의료기기치료재료,7
578,처우개선,7,상세해부구조,4
579,고주파열치료술,7,구체적수술시술,7
580,피부각질세포,7,상세해부구조,6
581,기능적전기,7,의료기기치료재료,5
582,망막전위도검사,7,전문검사진단,7
583,서혜부허니아근본수술,7,구체적수술시술,10
584,경피적관상동맥확장술,7,구체적수술시술,10
585,형광면역분석,7,전문검사진단,6
586,수면무호흡증후군,7,복합질병명,8
587,보험인정기,7,의료기기치료재료,5
588,내분비검사,7,전문검사진단,5
589,미생물현미경검사,7,전문검사진단,8
590,Chronic Obstructive Lung Disease,7,영문복합의학용어,32
591,세포유전학검사,7,전문검사진단,7
592,비골골절교정술,7,구체적수술시술,7
593,심도자용카테터,7,의료기기치료재료,7
594,심도자검사,7,전문검사진단,5
595,Electrode Catheter,7,영문복합의학용어,18
596,소장이중조영,7,전문검사진단,6
597,소장이중조영술,7,구체적수술시술,7
598,가온가습고유량비강캐뉼라요법,7,구체적수술시술,14
599,기관지내시경술,7,구체적수술시술,7
600,바이러스항원검사,7,전문검사진단,8
601,하비갑개점막하절제술,7,구체적수술시술,10
602,뇌순환개선,7,상세해부구조,5
603,Abrocitinib,6,영문약물명,11
604,알레르기내과,6,기타전문용어,6
605,면역억제요법,6,구체적수술시술,6
606,아달라트오로스,6,기타전문용어,7
607,Nifedipine,6,영문약물명,10
608,다기관염증증후군,6,복합질병명,8
609,후천성면역결핍증,6,복합질병명,8
610,길랑바레증후군,6,복합질병명,7
611,적합성평가,6,전문검사진단,5
612,싸이메빈정,6,기타전문용어,5
613,사용하기,6,의료기기치료재료,4
614,후두전적출술,6,구체적수술시술,6
615,인공성대삽입술,6,구체적수술시술,7
616,진단검사의학과,6,기타전문용어,7
617,대동맥내풍선,6,상세해부구조,6
618,심박동기,6,의료기기치료재료,4
619,클래리시드필름코팅,6,기타전문용어,9
620,심장혈관흉부외과,6,상세해부구조,8
621,노보세븐알티,6,기타전문용어,6
622,투여하기,6,의료기기치료재료,4
623,Esomeprazole,6,영문약물명,12
624,두드러기,6,의료기기치료재료,4
625,상결장경검사,6,전문검사진단,6
626,뇌하수체기,6,의료기기치료재료,5
627,뇌정위적수술,6,구체적수술시술,6
628,뇌질환과,6,기타전문용어,4
629,탈수초성질환,6,복합질병명,6
630,말초혈액검사,6,전문검사진단,6
631,관상동맥확장술,6,구체적수술시술,7
632,루베리스,6,기타전문용어,4
633,킨텔레스,6,기타전문용어,4
634,관상동맥우회술,6,구체적수술시술,7
635,말초동맥질환,6,복합질병명,6
636,호흡기질환,6,복합질병명,5
637,피부묘기,6,의료기기치료재료,4
638,산소포화도측정,6,전문검사진단,7
639,뇌정위적방사선분할수술,6,구체적수술시술,11
640,삼첨판막,6,상세해부구조,4
641,신경차단술과,6,상세해부구조,6
642,척수신경말초지차단술,6,구체적수술시술,10
643,해소하기,6,의료기기치료재료,4
644,중앙집중관찰,6,전문검사진단,6
645,중앙집중관찰시스템,6,의료기기치료재료,9
646,세포내시경검사,6,전문검사진단,7
647,상부소화관내시경검사,6,전문검사진단,10
648,방사면역측정,6,전문검사진단,6
649,자궁근종절제술,6,구체적수술시술,7
650,비뇨의학과,6,기타전문용어,5
651,방광내압측정,6,전문검사진단,6
652,척추후방고정술,6,구체적수술시술,7
653,영상증폭장치,6,의료기기치료재료,6
654,자궁소파수술,6,구체적수술시술,6
655,환자안전기,6,의료기기치료재료,5
656,방광경검사,6,전문검사진단,5
657,만성동맥폐색증,6,복합질병명,7
658,Combination Therapy,6,영문복합의학용어,19
659,갑상선질환,6,복합질병명,5
660,인공관절재치환술,6,구체적수술시술,8
661,이베니티,6,기타전문용어,4
662,Romosozumab,6,영문약물명,11
663,정맥혈전색전증,6,복합질병명,7
664,엘리퀴스,6,기타전문용어,4
665,릭시아나,6,기타전문용어,4
666,자가유래연골세포,6,상세해부구조,8
667,체외순환기,6,의료기기치료재료,5
668,바이토린,6,기타전문용어,4
669,Simvastatin,6,영문약물명,11
670,대비감도검사,6,전문검사진단,6
671,수가개선,6,상세해부구조,4
672,신경과전문의,6,상세해부구조,6
673,근관장측정검사,6,전문검사진단,7
674,교원성혈관,6,상세해부구조,5
675,휴온스 리도카인 염산염 수화물,6,기타전문용어,16
676,프로토픽,6,기타전문용어,4
677,편평상피세포,6,상세해부구조,6
678,체외진단검사,6,전문검사진단,6
679,볼리브리스,6,기타전문용어,5
680,산도스타틴,6,기타전문용어,5
681,아빌리파이메인테나,6,기타전문용어,9
682,자베스카,6,기타전문용어,4
683,스타빌라이지드세레텍,6,기타전문용어,10
684,혈액성분채집술,6,구체적수술시술,7
685,중이내튜브,6,기타전문용어,5
686,중이내튜브유치술,6,구체적수술시술,8
687,클로자릴,6,기타전문용어,4
688,자궁내막흡인생검,6,전문검사진단,8
689,혈액총이산화탄소함량,6,측정값지표,10
690,프라그민,6,기타전문용어,4
691,Propranolol,6,영문약물명,11
692,검체크기,6,의료기기치료재료,4
693,비예기항체검사,6,전문검사진단,7
694,염색뇨검사,6,전문검사진단,5
695,구강미생물검사,6,전문검사진단,7
696,혈액응고탄성도검사,6,전문검사진단,9
697,비탁면역분석,6,전문검사진단,6
698,혈액배양신속검출기기,6,의료기기치료재료,10
699,최소억제농도검사,6,전문검사진단,8
700,효소면역측정,6,전문검사진단,6
701,정독경관조직,6,상세해부구조,6
702,신속처리병리조직검사,6,전문검사진단,10
703,신속처리병리조직,6,상세해부구조,8
704,미생물라텍스응집검사,6,전문검사진단,10
705,Polypeptide,6,기타전문용어,11
706,연속절편검사,6,전문검사진단,6
707,재박절검사,6,전문검사진단,5
708,골조직검사,6,전문검사진단,5
709,조직면역형광검사,6,전문검사진단,8
710,주사전자현미경검사,6,전문검사진단,9
711,면역전자현미경검사,6,전문검사진단,9
712,동결전자현미경검사,6,전문검사진단,9
713,분석전자현미경검사,6,전문검사진단,9
714,자궁경부암검사,6,전문검사진단,7
715,구강박리세포병리검사,6,전문검사진단,10
716,구강박리세포,6,상세해부구조,6
717,Disopyramide,6,기타전문용어,12
718,Acethylprocainamide,6,기타전문용어,19
719,Zonisamide,6,기타전문용어,10
720,Procainamide,6,기타전문용어,12
721,테이코플라닌약물정량검사,6,전문검사진단,12
722,옥스카르바제핀,6,기타전문용어,7
723,요중불화물측정,6,전문검사진단,7
724,불소이온측정검사,6,전문검사진단,8
725,일본뇌염항체검사,6,전문검사진단,8
726,뎅기열항체검사,6,전문검사진단,7
727,특수약물검사,6,전문검사진단,6
728,마이토닌,6,기타전문용어,4
729,반창고견인술,6,구체적수술시술,6
730,사시각측정,6,전문검사진단,5
731,자궁전적제술,6,구체적수술시술,6
732,진성혈소판증가증과,6,기타전문용어,9
733,골수증식성종양과,6,기타전문용어,8
734,뉴신타서방,6,기타전문용어,5
735,프레지스타,6,기타전문용어,5
736,백혈구배양검사,6,전문검사진단,7
737,딜라트렌,6,기타전문용어,4
738,트랙토실,6,기타전문용어,4
739,Botulinum Toxin Injection Therapy,6,영문복합의학용어,33
740,악골골절수술,6,구체적수술시술,6
741,치주외과수술과,6,기타전문용어,7
742,치주외과수술,6,구체적수술시술,6
743,Berman Angiographic Catheter,6,영문복합의학용어,28
744,배액수집용기,6,의료기기치료재료,6
745,공여피부절제기,6,의료기기치료재료,7
746,중간엽줄기,6,의료기기치료재료,5
747,큐피스템,6,기타전문용어,4
748,중간엽줄기세포,6,상세해부구조,7
749,새한크롬이디티에이,6,기타전문용어,9
750,이중상공막,6,상세해부구조,5
751,소화관내시경검사,6,전문검사진단,8
752,수액유량조절기,6,의료기기치료재료,7
753,전산화단층촬영시스템,6,의료기기치료재료,10
754,신경생리추적,6,전문검사진단,6
755,분자유전검사,6,전문검사진단,6
756,라이터검사,6,전문검사진단,5
757,신경근파괴술,6,구체적수술시술,6
758,추간판내고주파열응고술,6,구체적수술시술,11
759,알버트평가검사,6,전문검사진단,7
760,성인배설기능장애,6,복합질병명,8
761,성인배설기,6,의료기기치료재료,5
762,전부비강근본수술,6,구체적수술시술,8
763,안검하수증수술,6,구체적수술시술,7
764,인공슬관절,6,상세해부구조,5
765,인공슬관절치환술,6,구체적수술시술,8
766,전체운동기능측정,6,전문검사진단,8
767,전체운동기,6,의료기기치료재료,5
768,본인일부부담금산정특례에관한기,6,의료기기치료재료,15
769,환자감시장치,6,의료기기치료재료,6
770,피부단자검사,6,전문검사진단,6
771,심혈관조영,6,전문검사진단,5
772,성격선호도검사,6,전문검사진단,7
773,조혈모세포이식의요양급여에관한기,6,상세해부구조,16
774,가산기준과,6,기타전문용어,5
775,잠복결핵검사,6,전문검사진단,6
776,건강진단결과,6,기타전문용어,6
777,전용생활치료센터,6,기타전문용어,8
778,상병분류기,6,의료기기치료재료,5
779,진단용방사선,6,상세해부구조,6
780,납차폐특수치,6,측정값지표,6
781,납차폐특수치료실,6,기타전문용어,8
782,전문응급센터,6,기타전문용어,6
783,메르스검사,6,전문검사진단,5
784,메르스검사결과,6,기타전문용어,7
785,특정내역기,6,의료기기치료재료,5
786,초음파진단,6,전문검사진단,5
787,일반병상비율,6,측정값지표,6
788,인체면역결핍바이러스질환,6,복합질병명,12
789,임상병리검사,6,전문검사진단,6
790,급성열성호흡기,6,의료기기치료재료,7
791,차등제시행과,6,기타전문용어,6
792,기준초과,6,기타전문용어,4
793,초음파골밀도측정,6,전문검사진단,8
794,타요양기,6,의료기기치료재료,4
795,동종말초혈액조혈모세포,6,상세해부구조,11
796,보험급여인정기,6,의료기기치료재료,7
797,의료보험요양급여기,6,의료기기치료재료,9
798,의료보험요양기,6,의료기기치료재료,7
799,신장이식수술,6,구체적수술시술,6
800,경근무늬측정검사,6,전문검사진단,8
801,진단분류기,6,의료기기치료재료,5
802,한방수기,6,의료기기치료재료,4
803,한방수기요법,6,구체적수술시술,6
804,연부조직종양적출술과,6,상세해부구조,10
805,국소피판작성술,6,구체적수술시술,7
806,응고시간검사,6,전문검사진단,6
807,두개골성형술,6,구체적수술시술,6
808,영구적심박동기,6,의료기기치료재료,7
809,CT 요양급여,6,기타전문용어,7
810,MRI 인정여부,6,기타전문용어,8
811,폐쐐기절제술과,6,기타전문용어,7
812,선행화학요법,6,구체적수술시술,6
813,추나요법과,6,기타전문용어,5
814,경락기능검사,6,전문검사진단,6
815,삼각섬유연골복합체,6,상세해부구조,9
816,동맥간우회로조성술,6,구체적수술시술,9
817,갑상선전절제술,6,구체적수술시술,7
818,흉터개선,6,상세해부구조,4
819,고주파절제술과,6,기타전문용어,7
820,젠자임타이로젠,6,기타전문용어,7
821,간동맥화학색전술,6,구체적수술시술,8
822,피부레이저광선,6,상세해부구조,7
823,부비동악성종양적출술,6,구체적수술시술,10
824,타각적청력역치측정검사,6,전문검사진단,11
825,위아전절제술,6,구체적수술시술,6
826,동기능부전증후군,6,복합질병명,8
827,방사선병용요법,6,구체적수술시술,7
828,항암화학요법과,6,기타전문용어,7
829,제한병기,6,의료기기치료재료,4
830,심장내과,5,기타전문용어,4
831,대한천식알레르기,5,의료기기치료재료,8
832,만성육아종질환,5,복합질병명,7
833,Disease Modifying,5,영문복합의학용어,17
834,중증감염증,5,복합질병명,5
835,주의력결핍과,5,기타전문용어,6
836,주의력결핍과잉행동장애,5,복합질병명,11
837,원발장기,5,의료기기치료재료,4
838,담도협착확장술,5,구체적수술시술,7
839,배액관교환술,5,구체적수술시술,6
840,요관스텐트설치술,5,구체적수술시술,8
841,아뎀파스,5,기타전문용어,4
842,크론병활성도,5,측정값지표,6
843,Disease Modifying Anti,5,영문복합의학용어,22
844,울혈성심부전,5,복합질병명,6
845,Membrane Oxygenation,5,영문복합의학용어,20
846,폐구역절제술,5,구체적수술시술,6
847,약물방출스텐트,5,의료기기치료재료,7
848,경피적풍선혈관,5,상세해부구조,7
849,대퇴슬와동맥,5,상세해부구조,6
850,경피적풍선혈관성형술,5,구체적수술시술,10
851,Vancomycin,5,영문약물명,10
852,좌심실기능부전,5,복합질병명,7
853,감별하기,5,의료기기치료재료,4
854,Ocrelizumab,5,영문약물명,11
855,디엠듀오,5,기타전문용어,4
856,유전자검사결과,5,기타전문용어,7
857,대한심부전,5,복합질병명,5
858,확진하기,5,의료기기치료재료,4
859,보호하기,5,의료기기치료재료,4
860,아일리아,5,기타전문용어,4
861,빛간섭단층촬영,5,전문검사진단,7
862,만성신질환,5,복합질병명,5
863,Brolucizumab,5,영문약물명,12
864,Treatment Strategies,5,영문복합의학용어,20
865,대동맥근부수술,5,구체적수술시술,7
866,진료협력센터,5,기타전문용어,6
867,퇴행성질환,5,복합질병명,5
868,염증성질환,5,복합질병명,5
869,Benralizumab,5,영문약물명,12
870,Fremanezumab,5,영문약물명,12
871,Coagulation Disorders,5,영문복합의학용어,21
872,우관상동맥,5,상세해부구조,5
873,전시야광역치검사,5,전문검사진단,8
874,공공의료과,5,기타전문용어,5
875,내시경하생검,5,전문검사진단,6
876,Alirocumab,5,영문약물명,10
877,Drug Therapy,5,영문복합의학용어,12
878,Evolocumab,5,영문약물명,10
879,담낭악성종양근치수술,5,구체적수술시술,10
880,다낭성난소증후군,5,복합질병명,8
881,재검토기,5,의료기기치료재료,4
882,입원전담전문의,5,기타전문용어,7
883,척추동정맥기,5,상세해부구조,6
884,선천성질환,5,복합질병명,5
885,척추동정맥,5,상세해부구조,5
886,체내고정용금속제거술,5,구체적수술시술,10
887,구순열비교정술,5,구체적수술시술,7
888,수술하기,5,의료기기치료재료,4
889,운동부하검사,5,전문검사진단,6
890,발치술과,5,기타전문용어,4
891,밀봉소선,5,상세해부구조,4
892,도수근력검사,5,전문검사진단,6
893,연결하기,5,의료기기치료재료,4
894,냉동제거술과,5,기타전문용어,6
895,세침흡인생검,5,전문검사진단,6
896,뇌척수액루수술,5,구체적수술시술,7
897,경동맥화학색전술,5,구체적수술시술,8
898,혈류감염증,5,복합질병명,5
899,자폐성장애,5,복합질병명,5
900,뇌병변장애,5,복합질병명,5
901,물리치료요법,5,구체적수술시술,6
902,사지골절도수정복술,5,구체적수술시술,9
903,체내금속고정술,5,구체적수술시술,7
904,일반병실과,5,기타전문용어,5
905,망막박리수술과,5,상세해부구조,7
906,인정하기,5,의료기기치료재료,4
907,치주질환수술,5,구체적수술시술,6
908,종합병원과,5,기타전문용어,5
909,화상전문응급의료센터,5,기타전문용어,10
910,Rabeprazole,5,영문약물명,11
911,Grazoprevir,5,기타전문용어,11
912,Voxilaprevir,5,기타전문용어,12
913,Elbasvir,5,기타전문용어,8
914,바이러스검사,5,전문검사진단,6
915,카테터삽입술,5,구체적수술시술,6
916,Inflammatory Bowel Disease,5,영문복합의학용어,26
917,조기위암절제술,5,구체적수술시술,7
918,대변항원검사,5,전문검사진단,6
919,제외국평가,5,전문검사진단,5
920,일반식과,5,기타전문용어,4
921,약물주입펌프이식술,5,구체적수술시술,9
922,중심정맥내카테터,5,상세해부구조,8
923,관상동맥우회로술,5,구체적수술시술,8
924,양성종양적출술,5,구체적수술시술,7
925,시험적거치술,5,구체적수술시술,6
926,도모하기,5,의료기기치료재료,4
927,눈물막파괴검사,5,전문검사진단,7
928,교원성혈관질환,5,복합질병명,7
929,교원성혈관질환과,5,상세해부구조,8
930,혈액여과,5,기타전문용어,4
931,혈액투석여과,5,기타전문용어,6
932,풍선확장카테터,5,상세해부구조,7
933,관상동맥회로우회술,5,구체적수술시술,9
934,Distal Access Intermediate Catheter,5,영문복합의학용어,35
935,금속스텐트삽입술,5,구체적수술시술,8
936,Dialysis Therapy,5,영문복합의학용어,16
937,조혈모세포이식술,5,구체적수술시술,8
938,인접장기,5,의료기기치료재료,4
939,Adjunctive Therapy,5,영문복합의학용어,18
940,New Treatment Recommendations,5,영문복합의학용어,29
941,하비갑개절제술,5,구체적수술시술,7
942,역행성담췌관내시경,5,기타전문용어,9
943,역행성담췌관내시경수술,5,구체적수술시술,11
944,Quetiapine,5,기타전문용어,10
945,난소과자극증후군,5,복합질병명,8
946,Daclatasvir,5,기타전문용어,11
947,특수염색검사,5,전문검사진단,6
948,해부병리조직,5,상세해부구조,6
949,해부병리조직검사,5,전문검사진단,8
950,불규칙항체검사,5,전문검사진단,7
951,요침사검사,5,전문검사진단,5
952,Oseltamivir,5,기타전문용어,11
953,Certolizumab,5,영문약물명,12
954,분자병리검사,5,전문검사진단,6
955,경요도적방광내수술,5,구체적수술시술,9
956,Ombitasvir,5,기타전문용어,10
957,Dasabuvir,5,기타전문용어,9
958,비유전성질환,5,복합질병명,6
959,발작성야간혈색소뇨증과,4,기타전문용어,11
960,신장투석요법,4,구체적수술시술,6
961,소아알레르기호흡기,4,의료기기치료재료,9
962,대한피부과,4,기타전문용어,5
963,대한소아알레르기호흡기,4,의료기기치료재료,11
964,도프텔렛,4,기타전문용어,4
965,타발리스,4,기타전문용어,4
966,Fostamatinib,4,영문약물명,12
967,Fluconazole,4,영문약물명,11
968,고형장기,4,의료기기치료재료,4
969,Voriconazole,4,영문약물명,12
970,액티라제,4,기타전문용어,4
971,Nintedanib,4,영문약물명,10
972,피부점막,4,상세해부구조,4
973,메토젝트,4,기타전문용어,4
974,혈장분리교환술,4,구체적수술시술,7
975,주요장기,4,의료기기치료재료,4
976,파종성혈관,4,상세해부구조,5
977,프로비질,4,기타전문용어,4
978,오테리아,4,기타전문용어,4
979,Letermovir,4,기타전문용어,10
980,요관장피부문합술,4,구체적수술시술,8
981,방광전적출술,4,구체적수술시술,6
982,폐기포절제술,4,구체적수술시술,6
983,핵의학검사,4,전문검사진단,5
984,단층영상합성촬영,4,전문검사진단,8
985,단층영상합성촬영술,4,구체적수술시술,9
986,체질량지수,4,측정값지표,5
987,Sulglycotide,4,기타전문용어,12
988,다발성장기,4,의료기기치료재료,5
989,다발성장기부전,4,복합질병명,7
990,심기능부전,4,복합질병명,5
991,만성중증장기부전,4,복합질병명,8
992,만성중증장기,4,의료기기치료재료,6
993,만성심부전,4,복합질병명,5
994,치료하기,4,의료기기치료재료,4
995,오크레부스,4,기타전문용어,5
996,빈다맥스,4,기타전문용어,4
997,조직검사결과,4,상세해부구조,6
998,Telmisartan,4,영문약물명,11
999,Candesartan,4,영문약물명,11
1000,Pitavastatin,4,영문약물명,12
